{
  "fields": [
    {
      "id": "documentType",
      "type": "select",
      "label": "Tipo de documento",
      "order": 1,
      "column": 1,
      "options": [
        {
          "label": "Cédula de ciudadanía",
          "value": "CC"
        },
        {
          "label": "Cédula de extranjería",
          "value": "CE"
        },
        {
          "label": "Otro",
          "value": "OTRO"
        }
      ],
      "required": true,
      "placeholder": "Seleccione tipo de documento"
    },
    {
      "id": "documentNumber",
      "type": "text",
      "label": "Número de documento",
      "order": 2,
      "column": 2,
      "required": true,
      "inputMode": "numeric",
      "inputType": "text",
      "validators": [
        {
          "type": "pattern",
          "value": "^[0-9]+$",
          "message": "Solo se permiten dígitos"
        }
      ],
      "placeholder": "Ingrese número de documento",
      "restriction": "digits"
    },
    {
      "id": "firstName",
      "type": "text",
      "label": "Primer Nombre",
      "order": 3,
      "column": 1,
      "required": true,
      "placeholder": "Ingrese su primer nombre",
      "restriction": "textNoSpecials"
    },
    {
      "id": "secondName",
      "type": "text",
      "label": "Segundo Nombre",
      "order": 4,
      "column": 2,
      "required": false,
      "placeholder": "Ingrese su segundo nombre",
      "restriction": "textNoSpecials"
    },
    {
      "id": "firstLastName",
      "type": "text",
      "label": "Primer Apellido",
      "order": 5,
      "column": 1,
      "required": true,
      "placeholder": "Ingrese su primer apellido",
      "restriction": "textNoSpecials"
    },
    {
      "id": "secondLastName",
      "type": "text",
      "label": "Segundo Apellido",
      "order": 6,
      "column": 2,
      "required": false,
      "placeholder": "Ingrese su segundo apellido",
      "restriction": "textNoSpecials"
    },
    {
      "id": "ageRange",
      "type": "select",
      "label": "Rango de edad",
      "order": 7,
      "column": 1,
      "options": [
        {
          "label": "18-25 años",
          "value": "18_25"
        },
        {
          "label": "26-35 años",
          "value": "26_35"
        },
        {
          "label": "36-45 años",
          "value": "36_45"
        },
        {
          "label": "46-60 años",
          "value": "46_60"
        },
        {
          "label": "61-80 años",
          "value": "61_80"
        },
        {
          "label": "Más de 80 años",
          "value": "80_plus"
        }
      ],
      "required": true,
      "placeholder": "Seleccione rango de edad"
    },
    {
      "id": "genderIdentity",
      "type": "select",
      "label": "Identidad de Género",
      "order": 8,
      "column": 2,
      "options": [
        {
          "label": "Mujer",
          "value": "female"
        },
        {
          "label": "Hombre",
          "value": "male"
        },
        {
          "label": "No binario",
          "value": "non_binary"
        },
        {
          "label": "LGTBIQ+",
          "value": "lgbtiq+"
        },
        {
          "label": "Otro",
          "value": "other"
        },
        {
          "label": "Prefiere no decirlo",
          "value": "prefer_not_to_say"
        }
      ],
      "required": true,
      "placeholder": "Seleccione identidad de género"
    },
    {
      "id": "email",
      "type": "text",
      "label": "Correo electrónico",
      "order": 9,
      "column": 1,
      "required": true,
      "inputType": "email",
      "validators": [
        {
          "type": "email",
          "message": "Ingrese un correo válido"
        }
      ],
      "placeholder": "Ingrese su correo electrónico"
    },
    {
      "id": "cellphone",
      "type": "tel",
      "label": "Celular",
      "order": 10,
      "column": 2,
      "required": true,
      "validators": [
        {
          "type": "pattern",
          "value": "^[0-9]{7,15}$",
          "message": "Ingrese un celular válido"
        }
      ],
      "placeholder": "Ingrese su número celular",
      "restriction": "digits"
    },
    {
      "id": "phone",
      "type": "tel",
      "label": "Teléfono",
      "order": 11,
      "column": 1,
      "required": false,
      "placeholder": "Ingrese número de teléfono",
      "restriction": "digits"
    },
    {
      "id": "address",
      "type": "text",
      "label": "Dirección",
      "order": 12,
      "column": 1,
      "required": true,
      "placeholder": "Ingrese su dirección"
    },
    {
      "id": "interestGroup",
      "type": "select",
      "label": "Grupo de interés",
      "order": 13,
      "column": 2,
      "options": [
        {
          "label": "Cambio climático",
          "value": "Cambio climático"
        },
        {
          "label": "Corrupción",
          "value": "Corrupción"
        },
        {
          "label": "Educación",
          "value": "Educación"
        },
        {
          "label": "Empleo",
          "value": "Empleo"
        },
        {
          "label": "Infraestrutura",
          "value": "Infraestrutura"
        },
        {
          "label": "Seguridad",
          "value": "Seguridad"
        }
      ],
      "required": true,
      "placeholder": "Seleccione un grupo de interés"
    },
    {
      "id": "locality",
      "type": "select",
      "label": "Localidad",
      "order": 14,
      "column": 2,
      "options": [
        {
          "label": "Antonio Nariño",
          "value": "Antonio Nariño"
        },
        {
          "label": "Barrios Unidos",
          "value": "Barrios Unidos"
        },
        {
          "label": "Bosa",
          "value": "Bosa"
        },
        {
          "label": "Ciudad Bolívar",
          "value": "Ciudad Bolívar"
        },
        {
          "label": "Chapinero",
          "value": "Chapinero"
        },
        {
          "label": "Engativá",
          "value": "Engativá"
        },
        {
          "label": "Fontibón",
          "value": "Fontibón"
        },
        {
          "label": "Kennedy",
          "value": "Kennedy"
        },
        {
          "label": "La Candelaria",
          "value": "La Candelaria"
        },
        {
          "label": "Los Mártires",
          "value": "Los Mártires"
        },
        {
          "label": "Puente Aranda",
          "value": "Puente Aranda"
        },
        {
          "label": "Rafael Uribe Uribe",
          "value": "Rafael Uribe Uribe"
        },
        {
          "label": "San Cristóbal",
          "value": "San Cristóbal"
        },
        {
          "label": "Santa Fe",
          "value": "Santa Fe"
        },
        {
          "label": "Suba",
          "value": "Suba"
        },
        {
          "label": "Sumapaz",
          "value": "Sumapaz"
        },
        {
          "label": "Teusaquillo",
          "value": "Teusaquillo"
        },
        {
          "label": "Tunjuelito",
          "value": "Tunjuelito"
        },
        {
          "label": "Usaquén",
          "value": "Usaquén"
        },
        {
          "label": "Usme",
          "value": "Usme"
        }
      ],
      "required": true,
      "placeholder": "Seleccione una localidad"
    },
    {
      "id": "votingPlace",
      "type": "autocomplete",
      "label": "Puesto de votación",
      "order": 15,
      "column": 1,
      "options": [
        {
          "label": "11 de Noviembre",
          "value": "11 de Noviembre"
        },
        {
          "label": "12 de Octubre",
          "value": "12 de Octubre"
        },
        {
          "label": "20 de Julio Sede B",
          "value": "20 de Julio Sede B"
        },
        {
          "label": "Abraham Lincoln",
          "value": "Abraham Lincoln"
        },
        {
          "label": "Acevedo Tejada",
          "value": "Acevedo Tejada"
        },
        {
          "label": "Acunar",
          "value": "ACUNAR"
        },
        {
          "label": "Aguas Claras",
          "value": "Aguas Claras"
        },
        {
          "label": "Agustiniano - Salitre",
          "value": "Agustiniano - Salitre"
        },
        {
          "label": "Alcalá",
          "value": "Alcalá"
        },
        {
          "label": "Alcalá Sede B",
          "value": "Alcalá Sede B"
        },
        {
          "label": "Alcaldía Local de Tunjuelito",
          "value": "Alcaldía Local de Tunjuelito"
        },
        {
          "label": "Alcaldía Mayor",
          "value": "Alcaldía Mayor"
        },
        {
          "label": "Alcaldía Puente Aranda",
          "value": "Alcaldía Puente Aranda"
        },
        {
          "label": "Alcaldía Quiroga",
          "value": "Alcaldía Quiroga"
        },
        {
          "label": "Aldea la Palma",
          "value": "Aldea la Palma"
        },
        {
          "label": "Alejandro Obregón Gustavo Restrepo",
          "value": "Alejandro Obregón Gustavo Restrepo"
        },
        {
          "label": "Alessandro Volta",
          "value": "Alessandro Volta"
        },
        {
          "label": "Alexander Fleming San Jorge",
          "value": "Alexander Fleming San Jorge"
        },
        {
          "label": "Alfonso López",
          "value": "Alfonso López"
        },
        {
          "label": "Alfredo Nóbel",
          "value": "Alfredo Nóbel"
        },
        {
          "label": "Alianza Quiroga",
          "value": "Alianza Quiroga"
        },
        {
          "label": "Almacén Éxito la Colina",
          "value": "Almacén Éxito la Colina"
        },
        {
          "label": "Almacén Metro Autopista Sur",
          "value": "Almacén Metro Autopista Sur"
        },
        {
          "label": "ALMAZAN - Engativá",
          "value": "ALMAZAN - Engativá"
        },
        {
          "label": "Almenar",
          "value": "Almenar"
        },
        {
          "label": "Almirante Padilla",
          "value": "Almirante Padilla"
        },
        {
          "label": "Aloha",
          "value": "Aloha"
        },
        {
          "label": "Alquería",
          "value": "Alquería"
        },
        {
          "label": "Alquería de la Fragua",
          "value": "Alquería de la Fragua"
        },
        {
          "label": "Alta Blanca",
          "value": "Alta Blanca"
        },
        {
          "label": "Altamira",
          "value": "Altamira"
        },
        {
          "label": "Altos de Jalisco",
          "value": "Altos de Jalisco"
        },
        {
          "label": "Altos de La Estancia",
          "value": "Altos de La Estancia"
        },
        {
          "label": "Anglo Americano",
          "value": "Anglo Americano"
        },
        {
          "label": "Antonio Ricaurte",
          "value": "Antonio Ricaurte"
        },
        {
          "label": "Aquileo Parra",
          "value": "Aquileo Parra"
        },
        {
          "label": "Arboleda Sur",
          "value": "Arboleda Sur"
        },
        {
          "label": "Arborizadora Alta",
          "value": "Arborizadora Alta"
        },
        {
          "label": "Arborizadora Baja",
          "value": "Arborizadora Baja"
        },
        {
          "label": "Arborizadora Baja Salón Comunal",
          "value": "Arborizadora Baja Salón Comunal"
        },
        {
          "label": "Archivo Distrital",
          "value": "Archivo Distrital"
        },
        {
          "label": "Atahualpa",
          "value": "Atahualpa"
        },
        {
          "label": "Atalayas",
          "value": "Atalayas"
        },
        {
          "label": "Atenas",
          "value": "Atenas"
        },
        {
          "label": "Autónoma de Colombia",
          "value": "Autónoma de Colombia"
        },
        {
          "label": "Autopista Sur",
          "value": "Autopista Sur"
        },
        {
          "label": "Avenida Boyacá Sur",
          "value": "Avenida Boyacá Sur"
        },
        {
          "label": "Bachué",
          "value": "Bachué"
        },
        {
          "label": "Bachué II - Bochica I",
          "value": "Bachué II - Bochica I"
        },
        {
          "label": "Banderas - Gimnasio Militar FAC",
          "value": "Banderas - Gimnasio Militar FAC"
        },
        {
          "label": "Barrancas",
          "value": "Barrancas"
        },
        {
          "label": "Batavia",
          "value": "Batavia"
        },
        {
          "label": "Belalcazar",
          "value": "Belalcazar"
        },
        {
          "label": "Belén",
          "value": "Belén"
        },
        {
          "label": "Bella Flor",
          "value": "Bella Flor"
        },
        {
          "label": "Bellavista San Cristóbal",
          "value": "Bellavista San Cristóbal"
        },
        {
          "label": "Bello Horizonte",
          "value": "Bello Horizonte"
        },
        {
          "label": "Benjamín Herrera",
          "value": "Benjamín Herrera"
        },
        {
          "label": "Betania",
          "value": "Betania"
        },
        {
          "label": "Bethlemitas - Calle 65",
          "value": "Bethlemitas - Calle 65"
        },
        {
          "label": "Biblioteca Distrital Antonio Nariño",
          "value": "Biblioteca Distrital Antonio Nariño"
        },
        {
          "label": "Biblioteca Julio Mario Santo Domingo",
          "value": "Biblioteca Julio Mario Santo Domingo"
        },
        {
          "label": "Biblioteca Virgilio Barco",
          "value": "Biblioteca Virgilio Barco"
        },
        {
          "label": "Blamoran",
          "value": "Blamoran"
        },
        {
          "label": "Bochica",
          "value": "Bochica"
        },
        {
          "label": "Boita",
          "value": "Boita"
        },
        {
          "label": "Bolivia",
          "value": "Bolivia"
        },
        {
          "label": "Bolonia",
          "value": "Bolonia"
        },
        {
          "label": "Bonanza",
          "value": "Bonanza"
        },
        {
          "label": "Bonavista",
          "value": "Bonavista"
        },
        {
          "label": "Bosa",
          "value": "Bosa"
        },
        {
          "label": "Bosa Brasilia",
          "value": "Bosa Brasilia"
        },
        {
          "label": "Bosa Paulo VI",
          "value": "Bosa Paulo VI"
        },
        {
          "label": "Bosa San José",
          "value": "Bosa San José"
        },
        {
          "label": "Bosanova",
          "value": "Bosanova"
        },
        {
          "label": "Bosque Popular",
          "value": "Bosque Popular"
        },
        {
          "label": "Bosques de Suba",
          "value": "Bosques de Suba"
        },
        {
          "label": "Boyacá",
          "value": "Boyacá"
        },
        {
          "label": "Brasilia",
          "value": "Brasilia"
        },
        {
          "label": "Bravo Páez",
          "value": "Bravo Páez"
        },
        {
          "label": "Brazuelos",
          "value": "Brazuelos"
        },
        {
          "label": "Brisas del Volador",
          "value": "Brisas del Volador"
        },
        {
          "label": "Britalia",
          "value": "Britalia"
        },
        {
          "label": "Buen Consejo",
          "value": "Buen Consejo"
        },
        {
          "label": "Buenavista",
          "value": "Buenavista"
        },
        {
          "label": "C.C. Gran Plaza Bosa",
          "value": "C.C. Gran Plaza Bosa"
        },
        {
          "label": "Cabañas",
          "value": "Cabañas"
        },
        {
          "label": "Cacique Hyntiba",
          "value": "Cacique Hyntiba"
        },
        {
          "label": "CAFAM AV 68",
          "value": "CAFAM AV 68"
        },
        {
          "label": "Cafam Calle 51",
          "value": "Cafam Calle 51"
        },
        {
          "label": "CAFAM Santa Lucía",
          "value": "CAFAM Santa Lucía"
        },
        {
          "label": "Calasanz",
          "value": "Calasanz"
        },
        {
          "label": "Calasanz (Buenavista)",
          "value": "Calasanz (Buenavista)"
        },
        {
          "label": "Camilo Torres",
          "value": "Camilo Torres"
        },
        {
          "label": "Campanella Suba",
          "value": "Campanella Suba"
        },
        {
          "label": "Campo Bello",
          "value": "Campo Bello"
        },
        {
          "label": "Campo Verde - Potreritos",
          "value": "Campo Verde - Potreritos"
        },
        {
          "label": "Canadá Guira",
          "value": "Canadá Guira"
        },
        {
          "label": "Canaima",
          "value": "Canaima"
        },
        {
          "label": "Candelaria La Nueva",
          "value": "Candelaria La Nueva"
        },
        {
          "label": "Candelaria la Nueva Dos",
          "value": "Candelaria la Nueva Dos"
        },
        {
          "label": "Caracolí",
          "value": "Caracolí"
        },
        {
          "label": "Carbonell",
          "value": "Carbonell"
        },
        {
          "label": "Cárcel Distrital",
          "value": "Cárcel Distrital"
        },
        {
          "label": "Cárcel Distrital Judicial Modelo",
          "value": "Cárcel Distrital Judicial Modelo"
        },
        {
          "label": "Cardenal Sancha",
          "value": "Cardenal Sancha"
        },
        {
          "label": "Carimagua",
          "value": "Carimagua"
        },
        {
          "label": "Carlos Albán",
          "value": "Carlos Albán"
        },
        {
          "label": "Carlos Pizarro León Gómez",
          "value": "Carlos Pizarro León Gómez"
        },
        {
          "label": "Carrera Centro Comercial",
          "value": "Carrera Centro Comercial"
        },
        {
          "label": "Carulla - Plazoleta",
          "value": "Carulla - Plazoleta"
        },
        {
          "label": "Carulla Calle 140",
          "value": "Carulla Calle 140"
        },
        {
          "label": "Carulla Rincón de la Colina",
          "value": "Carulla Rincón de la Colina"
        },
        {
          "label": "Carvajal II",
          "value": "Carvajal II"
        },
        {
          "label": "Casa Comunal Ciudad Jardín",
          "value": "Casa Comunal Ciudad Jardín"
        },
        {
          "label": "Casa de la Cultura Ciudad Bolívar",
          "value": "Casa de la Cultura Ciudad Bolívar"
        },
        {
          "label": "Casa Grande",
          "value": "Casa Grande"
        },
        {
          "label": "Casa Linda Tunal Unidad 2",
          "value": "Casa Linda Tunal Unidad 2"
        },
        {
          "label": "Casa Pensamiento Intercultural",
          "value": "Casa Pensamiento Intercultural"
        },
        {
          "label": "Casablanca 32",
          "value": "Casablanca 32"
        },
        {
          "label": "Casablanca Suba",
          "value": "Casablanca Suba"
        },
        {
          "label": "Casavianca",
          "value": "Casavianca"
        },
        {
          "label": "Casona del Libertador",
          "value": "Casona del Libertador"
        },
        {
          "label": "Castilla",
          "value": "Castilla"
        },
        {
          "label": "Catalina",
          "value": "Catalina"
        },
        {
          "label": "CC Parque La Colina",
          "value": "CC Parque La Colina"
        },
        {
          "label": "CC Portoalegre",
          "value": "CC Portoalegre"
        },
        {
          "label": "CDC Julio César Sánchez",
          "value": "CDC Julio César Sánchez"
        },
        {
          "label": "CEDID San Pablo",
          "value": "CEDID San Pablo"
        },
        {
          "label": "Cedro Golf",
          "value": "Cedro Golf"
        },
        {
          "label": "Centenario",
          "value": "Centenario"
        },
        {
          "label": "Central Quiroga",
          "value": "Central Quiroga"
        },
        {
          "label": "Centro A",
          "value": "Centro A"
        },
        {
          "label": "Centro Comercial Belaire Plaza",
          "value": "Centro Comercial Belaire Plaza"
        },
        {
          "label": "Centro Comercial Bulevar Niza",
          "value": "Centro Comercial Bulevar Niza"
        },
        {
          "label": "Centro Comercial Centro Mayor",
          "value": "Centro Comercial Centro Mayor"
        },
        {
          "label": "Centro Comercial Centro Suba",
          "value": "Centro Comercial Centro Suba"
        },
        {
          "label": "Centro Comercial Ciudad Tintal",
          "value": "Centro Comercial Ciudad Tintal"
        },
        {
          "label": "Centro Comercial de la 93",
          "value": "Centro Comercial de la 93"
        },
        {
          "label": "Centro Comercial El Edén",
          "value": "Centro Comercial El Edén"
        },
        {
          "label": "Centro Comercial Fiesta Suba",
          "value": "Centro Comercial Fiesta Suba"
        },
        {
          "label": "Centro Comercial Mazurén",
          "value": "Centro Comercial Mazurén"
        },
        {
          "label": "Centro Comercial Palatino",
          "value": "Centro Comercial Palatino"
        },
        {
          "label": "Centro Comercial Paseo San Rafael",
          "value": "Centro Comercial Paseo San Rafael"
        },
        {
          "label": "Centro Comercial Punto 72",
          "value": "Centro Comercial Punto 72"
        },
        {
          "label": "Centro Comercial San Martín",
          "value": "Centro Comercial San Martín"
        },
        {
          "label": "Centro Comercial Santafé",
          "value": "Centro Comercial Santafé"
        },
        {
          "label": "Centro Comercial Tintal Plaza",
          "value": "Centro Comercial Tintal Plaza"
        },
        {
          "label": "Centro Crecer",
          "value": "Centro Crecer"
        },
        {
          "label": "Centro de Desarrollo Comunitario Kennedy",
          "value": "Centro de Desarrollo Comunitario Kennedy"
        },
        {
          "label": "Centro Educativo Distrital España",
          "value": "Centro Educativo Distrital España"
        },
        {
          "label": "Centro Educativo Scalas",
          "value": "Centro Educativo Scalas"
        },
        {
          "label": "Centro Memoria",
          "value": "Centro Memoria"
        },
        {
          "label": "Centro Nariño",
          "value": "Centro Nariño"
        },
        {
          "label": "Centro Oriente",
          "value": "Centro Oriente"
        },
        {
          "label": "Centro Para Ciegos - CRAC",
          "value": "Centro Para Ciegos - CRAC"
        },
        {
          "label": "Chico Liceo Francés Louis Pasteur",
          "value": "Chico Liceo Francés Louis Pasteur"
        },
        {
          "label": "Chicó Norte",
          "value": "Chicó Norte"
        },
        {
          "label": "Chicó Reservado",
          "value": "Chicó Reservado"
        },
        {
          "label": "Chorrillos",
          "value": "Chorrillos"
        },
        {
          "label": "Chuniza",
          "value": "Chuniza"
        },
        {
          "label": "Cinco de Noviembre",
          "value": "Cinco de Noviembre"
        },
        {
          "label": "Círculo Colombiano de Artistas",
          "value": "Círculo Colombiano de Artistas"
        },
        {
          "label": "Ciudad Berna",
          "value": "Ciudad Berna"
        },
        {
          "label": "Ciudad Bochica Sur",
          "value": "Ciudad Bochica Sur"
        },
        {
          "label": "Ciudad De Bogotá Sede B",
          "value": "Ciudad De Bogotá Sede B"
        },
        {
          "label": "Ciudad de Honda",
          "value": "Ciudad de Honda"
        },
        {
          "label": "Ciudad Jardín",
          "value": "Ciudad Jardín"
        },
        {
          "label": "Ciudad Montes",
          "value": "Ciudad Montes"
        },
        {
          "label": "Ciudad Salitre",
          "value": "Ciudad Salitre"
        },
        {
          "label": "Ciudadela Colsubsidio",
          "value": "Ciudadela Colsubsidio"
        },
        {
          "label": "Ciudadela El Porvenir",
          "value": "Ciudadela El Porvenir"
        },
        {
          "label": "Clarelandia",
          "value": "Clarelandia"
        },
        {
          "label": "Claret",
          "value": "Claret"
        },
        {
          "label": "Claretiano",
          "value": "Claretiano"
        },
        {
          "label": "Claretiano - El Libertador",
          "value": "Claretiano - El Libertador"
        },
        {
          "label": "Class",
          "value": "Class"
        },
        {
          "label": "CODEMA",
          "value": "CODEMA"
        },
        {
          "label": "Colegio - Hijas de Cristo Rey",
          "value": "Colegio - Hijas de Cristo Rey"
        },
        {
          "label": "Colegio  Restrepo Millán Sede A",
          "value": "Colegio  Restrepo Millán Sede A"
        },
        {
          "label": "Colegio Adventista Emmanuel",
          "value": "Colegio Adventista Emmanuel"
        },
        {
          "label": "Colegio Alberto Lleras Camargo",
          "value": "Colegio Alberto Lleras Camargo"
        },
        {
          "label": "Colegio Álvaro Gómez",
          "value": "Colegio Álvaro Gómez"
        },
        {
          "label": "Colegio Campestre Monteverde San Luis",
          "value": "Colegio Campestre Monteverde San Luis"
        },
        {
          "label": "Colegio Caro y Cuervo",
          "value": "Colegio Caro y Cuervo"
        },
        {
          "label": "Colegio Celestin Freinet",
          "value": "Colegio Celestin Freinet"
        },
        {
          "label": "Colegio Ciudad Bolívar Argentina IED",
          "value": "Colegio Ciudad Bolívar Argentina IED"
        },
        {
          "label": "Colegio Ciudadanos del Futuro",
          "value": "Colegio Ciudadanos del Futuro"
        },
        {
          "label": "Colegio Class I.E.D. Sede B",
          "value": "Colegio Class I.E.D. Sede B"
        },
        {
          "label": "Colegio Colsubsidio Chicalá",
          "value": "Colegio Colsubsidio Chicalá"
        },
        {
          "label": "Colegio Cooperativo Timiza",
          "value": "Colegio Cooperativo Timiza"
        },
        {
          "label": "Colegio Cooperativo Venecia",
          "value": "Colegio Cooperativo Venecia"
        },
        {
          "label": "Colegio COPES",
          "value": "Colegio COPES"
        },
        {
          "label": "Colegio Darío Echandía",
          "value": "Colegio Darío Echandía"
        },
        {
          "label": "Colegio de Timiza",
          "value": "Colegio de Timiza"
        },
        {
          "label": "Colegio Débora Arango",
          "value": "Colegio Débora Arango"
        },
        {
          "label": "Colegio del Bosque",
          "value": "Colegio del Bosque"
        },
        {
          "label": "Colegio del Pilar",
          "value": "Colegio del Pilar"
        },
        {
          "label": "Colegio del Rosario de Santo Domingo",
          "value": "Colegio del Rosario de Santo Domingo"
        },
        {
          "label": "Colegio Delia Zapata Olivella",
          "value": "Colegio Delia Zapata Olivella"
        },
        {
          "label": "Colegio Distrital Jackeline",
          "value": "Colegio Distrital Jackeline"
        },
        {
          "label": "Colegio Distrital Sorrento",
          "value": "Colegio Distrital Sorrento"
        },
        {
          "label": "Colegio Eucarístico Mercedario",
          "value": "Colegio Eucarístico Mercedario"
        },
        {
          "label": "Colegio Fanny Mikey",
          "value": "Colegio Fanny Mikey"
        },
        {
          "label": "Colegio Fe y Alegría",
          "value": "Colegio Fe y Alegría"
        },
        {
          "label": "Colegio Fernando González Ochoa",
          "value": "Colegio Fernando González Ochoa"
        },
        {
          "label": "Colegio Gabriel Betancourt Mejía",
          "value": "Colegio Gabriel Betancourt Mejía"
        },
        {
          "label": "Colegio Gerardo Molina",
          "value": "Colegio Gerardo Molina"
        },
        {
          "label": "Colegio Gonzalo Arango",
          "value": "Colegio Gonzalo Arango"
        },
        {
          "label": "Colegio Gustavo Rojas Pinilla",
          "value": "Colegio Gustavo Rojas Pinilla"
        },
        {
          "label": "Colegio Integración Moderna",
          "value": "Colegio Integración Moderna"
        },
        {
          "label": "Colegio Jaime Garzón",
          "value": "Colegio Jaime Garzón"
        },
        {
          "label": "Colegio Jean Piaget",
          "value": "Colegio Jean Piaget"
        },
        {
          "label": "Colegio John Dewey",
          "value": "Colegio John Dewey"
        },
        {
          "label": "Colegio Jorge Mario Bergoglio",
          "value": "Colegio Jorge Mario Bergoglio"
        },
        {
          "label": "Colegio José Marti  Luis López de Mesa",
          "value": "Colegio José Marti  Luis López de Mesa"
        },
        {
          "label": "Colegio La Gaitana Sede B- Villamaría",
          "value": "Colegio La Gaitana Sede B- Villamaría"
        },
        {
          "label": "Colegio la Giralda",
          "value": "Colegio la Giralda"
        },
        {
          "label": "Colegio La Khumbre",
          "value": "Colegio La Khumbre"
        },
        {
          "label": "Colegio La Magdalena",
          "value": "Colegio La Magdalena"
        },
        {
          "label": "Colegio La Toscana Lisboa",
          "value": "Colegio La Toscana Lisboa"
        },
        {
          "label": "Colegio Lestonac",
          "value": "Colegio Lestonac"
        },
        {
          "label": "Colegio Liceo de Cervantes El Retiro",
          "value": "Colegio Liceo de Cervantes El Retiro"
        },
        {
          "label": "Colegio Luis Ángel Arango",
          "value": "Colegio Luis Ángel Arango"
        },
        {
          "label": "Colegio Luz y Vida",
          "value": "Colegio Luz y Vida"
        },
        {
          "label": "Colegio Marymount",
          "value": "Colegio Marymount"
        },
        {
          "label": "Colegio Mayor San Bartolomé",
          "value": "Colegio Mayor San Bartolomé"
        },
        {
          "label": "Colegio Militar Manuel Murillo Toro",
          "value": "Colegio Militar Manuel Murillo Toro"
        },
        {
          "label": "Colegio Monterrosales",
          "value": "Colegio Monterrosales"
        },
        {
          "label": "Colegio Nelson Mandela",
          "value": "Colegio Nelson Mandela"
        },
        {
          "label": "Colegio Nicolás Buenaventura",
          "value": "Colegio Nicolás Buenaventura"
        },
        {
          "label": "Colegio Norte Adventista",
          "value": "Colegio Norte Adventista"
        },
        {
          "label": "Colegio Nuevo Gimnasio",
          "value": "Colegio Nuevo Gimnasio"
        },
        {
          "label": "Colegio OEA",
          "value": "Colegio OEA"
        },
        {
          "label": "Colegio OEA Antonia Santos",
          "value": "Colegio OEA Antonia Santos"
        },
        {
          "label": "Colegio Pedagógico Dulce María",
          "value": "Colegio Pedagógico Dulce María"
        },
        {
          "label": "Colegio PROVINMA",
          "value": "Colegio PROVINMA"
        },
        {
          "label": "Colegio Rafael Goberna",
          "value": "Colegio Rafael Goberna"
        },
        {
          "label": "Colegio Rafael Maya",
          "value": "Colegio Rafael Maya"
        },
        {
          "label": "Colegio Ramón Jimeno",
          "value": "Colegio Ramón Jimeno"
        },
        {
          "label": "Colegio República Dominicana",
          "value": "Colegio República Dominicana"
        },
        {
          "label": "Colegio Rodrigo Triana",
          "value": "Colegio Rodrigo Triana"
        },
        {
          "label": "Colegio Rómulo Gallego",
          "value": "Colegio Rómulo Gallego"
        },
        {
          "label": "Colegio Rural El Uval",
          "value": "Colegio Rural El Uval"
        },
        {
          "label": "Colegio San Francisco Calle 186",
          "value": "Colegio San Francisco Calle 186"
        },
        {
          "label": "Colegio San José de Calasanz",
          "value": "Colegio San José de Calasanz"
        },
        {
          "label": "Colegio San Pedro Claver Sede A",
          "value": "Colegio San Pedro Claver Sede A"
        },
        {
          "label": "Colegio San Pedro Claver Sede B",
          "value": "Colegio San Pedro Claver Sede B"
        },
        {
          "label": "Colegio Sans Facon",
          "value": "Colegio Sans Facon"
        },
        {
          "label": "Colegio Santa Clara",
          "value": "Colegio Santa Clara"
        },
        {
          "label": "Colegio Santa Isabel de Hungría",
          "value": "Colegio Santa Isabel de Hungría"
        },
        {
          "label": "Colegio Santiago Alberioni",
          "value": "Colegio Santiago Alberioni"
        },
        {
          "label": "Colegio Simón Bolívar Suba",
          "value": "Colegio Simón Bolívar Suba"
        },
        {
          "label": "Colegio Simón Rodríguez Sede A",
          "value": "Colegio Simón Rodríguez Sede A"
        },
        {
          "label": "Colegio Toribio de Mogrovejo",
          "value": "Colegio Toribio de Mogrovejo"
        },
        {
          "label": "Colegio Veintiún Ángeles",
          "value": "Colegio Veintiún Ángeles"
        },
        {
          "label": "Colegio Villa Elisa Sedes C y D",
          "value": "Colegio Villa Elisa Sedes C y D"
        },
        {
          "label": "Colegio Virginia Gutiérrez",
          "value": "Colegio Virginia Gutiérrez"
        },
        {
          "label": "Colegio Vista Bella",
          "value": "Colegio Vista Bella"
        },
        {
          "label": "Coliseo Deportivo Primera de Mayo",
          "value": "Coliseo Deportivo Primera de Mayo"
        },
        {
          "label": "Coliseo la Palestina",
          "value": "Coliseo la Palestina"
        },
        {
          "label": "Colombia",
          "value": "Colombia"
        },
        {
          "label": "Colón",
          "value": "Colón"
        },
        {
          "label": "Colseguros",
          "value": "Colseguros"
        },
        {
          "label": "Colsubsidio Mazuren",
          "value": "Colsubsidio Mazuren"
        },
        {
          "label": "Comunidad Colegio Fe y Alegría",
          "value": "Comunidad Colegio Fe y Alegría"
        },
        {
          "label": "Cooperativo Nuevo MUZU",
          "value": "Cooperativo Nuevo MUZU"
        },
        {
          "label": "Cordillera",
          "value": "Cordillera"
        },
        {
          "label": "Corinto - Colegio Nueva Colombia",
          "value": "Corinto - Colegio Nueva Colombia"
        },
        {
          "label": "Corpus Christi",
          "value": "Corpus Christi"
        },
        {
          "label": "Country Sur",
          "value": "Country Sur"
        },
        {
          "label": "Covivienda del Sur Oriente",
          "value": "Covivienda del Sur Oriente"
        },
        {
          "label": "Cristóbal Colón",
          "value": "Cristóbal Colón"
        },
        {
          "label": "Cultura Popular",
          "value": "Cultura Popular"
        },
        {
          "label": "Cundinamarca",
          "value": "Cundinamarca"
        },
        {
          "label": "Delicias (Muzu)",
          "value": "Delicias (Muzu)"
        },
        {
          "label": "Diana Turbay",
          "value": "Diana Turbay"
        },
        {
          "label": "Dindalito",
          "value": "Dindalito"
        },
        {
          "label": "Diverplaza",
          "value": "Diverplaza"
        },
        {
          "label": "Divino Maestro - Sede A",
          "value": "Divino Maestro - Sede A"
        },
        {
          "label": "Divino Maestro - Sede B",
          "value": "Divino Maestro - Sede B"
        },
        {
          "label": "Divino Niño",
          "value": "Divino Niño"
        },
        {
          "label": "Divino Salvador",
          "value": "Divino Salvador"
        },
        {
          "label": "Domingo Faustino Sarmiento Sede B",
          "value": "Domingo Faustino Sarmiento Sede B"
        },
        {
          "label": "Eduardo Santos",
          "value": "Eduardo Santos"
        },
        {
          "label": "Egipto",
          "value": "Egipto"
        },
        {
          "label": "Egipto Escuela Quinta Díaz",
          "value": "Egipto Escuela Quinta Díaz"
        },
        {
          "label": "El Aquinate - U. Santo Tomás",
          "value": "El Aquinate - U. Santo Tomás"
        },
        {
          "label": "El Batán",
          "value": "El Batán"
        },
        {
          "label": "El Bosque",
          "value": "El Bosque"
        },
        {
          "label": "El Campín",
          "value": "El Campín"
        },
        {
          "label": "El Carmen Sur A",
          "value": "El Carmen Sur A"
        },
        {
          "label": "El Carmen Sur B",
          "value": "El Carmen Sur B"
        },
        {
          "label": "El Cedro",
          "value": "El Cedro"
        },
        {
          "label": "El Charco",
          "value": "El Charco"
        },
        {
          "label": "El Codito",
          "value": "El Codito"
        },
        {
          "label": "El Consuelo",
          "value": "El Consuelo"
        },
        {
          "label": "El Cortijo",
          "value": "El Cortijo"
        },
        {
          "label": "El Cortijo",
          "value": "El Cortijo"
        },
        {
          "label": "El Danubio Azul",
          "value": "El Danubio Azul"
        },
        {
          "label": "El Destino",
          "value": "El Destino"
        },
        {
          "label": "El Encanto",
          "value": "El Encanto"
        },
        {
          "label": "El Gran San",
          "value": "El Gran San"
        },
        {
          "label": "El Gualí",
          "value": "El Gualí"
        },
        {
          "label": "El Hato",
          "value": "El Hato"
        },
        {
          "label": "El Japón",
          "value": "El Japón"
        },
        {
          "label": "El Jardín",
          "value": "El Jardín"
        },
        {
          "label": "El Jazmín",
          "value": "El Jazmín"
        },
        {
          "label": "El Luján",
          "value": "El Luján"
        },
        {
          "label": "El Mirador",
          "value": "El Mirador"
        },
        {
          "label": "El Morisco",
          "value": "El Morisco"
        },
        {
          "label": "El Muelle",
          "value": "El Muelle"
        },
        {
          "label": "El Paraíso",
          "value": "El Paraíso"
        },
        {
          "label": "El Pite",
          "value": "El Pite"
        },
        {
          "label": "El Portal",
          "value": "El Portal"
        },
        {
          "label": "El Porvenir",
          "value": "El Porvenir"
        },
        {
          "label": "El Quindío",
          "value": "El Quindío"
        },
        {
          "label": "El Real",
          "value": "El Real"
        },
        {
          "label": "El Recreo",
          "value": "El Recreo"
        },
        {
          "label": "El Recuerdo Santafé",
          "value": "El Recuerdo Santafé"
        },
        {
          "label": "El Remanzo",
          "value": "El Remanzo"
        },
        {
          "label": "El Rincón",
          "value": "El Rincón"
        },
        {
          "label": "El Rodeo Sede A",
          "value": "El Rodeo Sede A"
        },
        {
          "label": "El Rodeo Sede B - La Gloria",
          "value": "El Rodeo Sede B - La Gloria"
        },
        {
          "label": "El Salitre",
          "value": "El Salitre"
        },
        {
          "label": "El Saucedal",
          "value": "El Saucedal"
        },
        {
          "label": "El Socorro Sur",
          "value": "El Socorro Sur"
        },
        {
          "label": "El Solar 1 Suba",
          "value": "El Solar 1 Suba"
        },
        {
          "label": "El Tejar",
          "value": "El Tejar"
        },
        {
          "label": "El Tesoro",
          "value": "El Tesoro"
        },
        {
          "label": "El Tunal A",
          "value": "El Tunal A"
        },
        {
          "label": "El Tunal B",
          "value": "El Tunal B"
        },
        {
          "label": "El Vergel",
          "value": "El Vergel"
        },
        {
          "label": "El Verjón",
          "value": "El Verjón"
        },
        {
          "label": "El Virrey",
          "value": "El Virrey"
        },
        {
          "label": "Engativá",
          "value": "Engativá"
        },
        {
          "label": "Entre Nubes Sede A",
          "value": "Entre Nubes Sede A"
        },
        {
          "label": "Entre Ríos",
          "value": "Entre Ríos"
        },
        {
          "label": "Esclavas del Sagrado Corazón",
          "value": "Esclavas del Sagrado Corazón"
        },
        {
          "label": "Escuela La Victoria B",
          "value": "Escuela La Victoria B"
        },
        {
          "label": "Estación de la Sabana",
          "value": "Estación de la Sabana"
        },
        {
          "label": "Estados Unidos de América",
          "value": "Estados Unidos de América"
        },
        {
          "label": "Estados Unidos Super 13",
          "value": "Estados Unidos Super 13"
        },
        {
          "label": "Estrella del Sur",
          "value": "Estrella del Sur"
        },
        {
          "label": "Fátima A",
          "value": "Fátima A"
        },
        {
          "label": "Fátima B",
          "value": "Fátima B"
        },
        {
          "label": "Favidi Visión de Colombia",
          "value": "Favidi Visión de Colombia"
        },
        {
          "label": "FCO José de Caldas",
          "value": "FCO José de Caldas"
        },
        {
          "label": "Fe y Alegría San Ignacio",
          "value": "Fe y Alegría San Ignacio"
        },
        {
          "label": "Ferias II",
          "value": "Ferias II"
        },
        {
          "label": "Fernando Soto Aparicio",
          "value": "Fernando Soto Aparicio"
        },
        {
          "label": "Fernando Soto Aparicio Sede B",
          "value": "Fernando Soto Aparicio Sede B"
        },
        {
          "label": "Ferrocaja",
          "value": "Ferrocaja"
        },
        {
          "label": "Floralia",
          "value": "Floralia"
        },
        {
          "label": "Florencia",
          "value": "Florencia"
        },
        {
          "label": "Floresta Norte - Julio Flórez",
          "value": "Floresta Norte - Julio Flórez"
        },
        {
          "label": "Floresta Outlet",
          "value": "Floresta Outlet"
        },
        {
          "label": "Fontibón",
          "value": "Fontibón"
        },
        {
          "label": "Francisco de Paula Santander",
          "value": "Francisco de Paula Santander"
        },
        {
          "label": "Fundación Ana Restrepo del Corral",
          "value": "Fundación Ana Restrepo del Corral"
        },
        {
          "label": "Fundación San Felipe Neri",
          "value": "Fundación San Felipe Neri"
        },
        {
          "label": "Fundación Universitaria Konrad Lorenz",
          "value": "Fundación Universitaria Konrad Lorenz"
        },
        {
          "label": "Fundación Universitaria Luis Amigó",
          "value": "Fundación Universitaria Luis Amigó"
        },
        {
          "label": "Gaitán",
          "value": "Gaitán"
        },
        {
          "label": "Galán",
          "value": "Galán"
        },
        {
          "label": "Galicia",
          "value": "Galicia"
        },
        {
          "label": "Garces Navas",
          "value": "Garces Navas"
        },
        {
          "label": "Gema",
          "value": "Gema"
        },
        {
          "label": "Gimnasio Los Sauces",
          "value": "Gimnasio Los Sauces"
        },
        {
          "label": "Gimnasio Real Americano",
          "value": "Gimnasio Real Americano"
        },
        {
          "label": "Girardot",
          "value": "Girardot"
        },
        {
          "label": "Gran Colombiano",
          "value": "Gran Colombiano"
        },
        {
          "label": "Gran Granada",
          "value": "Gran Granada"
        },
        {
          "label": "Gran Plaza El Ensueño",
          "value": "Gran Plaza El Ensueño"
        },
        {
          "label": "Gran Yomasa",
          "value": "Gran Yomasa"
        },
        {
          "label": "Granada Colegio Simón Rodríguez Sede B",
          "value": "Granada Colegio Simón Rodríguez Sede B"
        },
        {
          "label": "Granjas de San Pablo",
          "value": "Granjas de San Pablo"
        },
        {
          "label": "Guacamayas II",
          "value": "Guacamayas II"
        },
        {
          "label": "Gustavo Restrepo",
          "value": "Gustavo Restrepo"
        },
        {
          "label": "Hacienda Santa Bárbara",
          "value": "Hacienda Santa Bárbara"
        },
        {
          "label": "Hayuelos - JUMBO",
          "value": "Hayuelos - JUMBO"
        },
        {
          "label": "Hayuelos C.C.",
          "value": "Hayuelos C.C."
        },
        {
          "label": "Heladia Mejía Sede A",
          "value": "Heladia Mejía Sede A"
        },
        {
          "label": "Holanda",
          "value": "Holanda"
        },
        {
          "label": "Hunza Sede A",
          "value": "Hunza Sede A"
        },
        {
          "label": "I.E.D Carlos Arango Velez Sede A",
          "value": "I.E.D Carlos Arango Velez Sede A"
        },
        {
          "label": "I.E.D San Rafael Sede A",
          "value": "I.E.D San Rafael Sede A"
        },
        {
          "label": "I.E.D. La Floresta Sur Sede B",
          "value": "I.E.D. La Floresta Sur Sede B"
        },
        {
          "label": "ICES Las Brisas",
          "value": "ICES Las Brisas"
        },
        {
          "label": "Imprenta Nacional",
          "value": "Imprenta Nacional"
        },
        {
          "label": "Inglés",
          "value": "Inglés"
        },
        {
          "label": "Institución Educativa Compartir Suba",
          "value": "Institución Educativa Compartir Suba"
        },
        {
          "label": "Instituto de Integración Cultural",
          "value": "Instituto de Integración Cultural"
        },
        {
          "label": "Instituto GUIMARC",
          "value": "Instituto GUIMARC"
        },
        {
          "label": "Instituto Pedagógico",
          "value": "Instituto Pedagógico"
        },
        {
          "label": "Instituto Técnico Piloto Sede C",
          "value": "Instituto Técnico Piloto Sede C"
        },
        {
          "label": "Integración Rafael Delgado Salguero",
          "value": "Integración Rafael Delgado Salguero"
        },
        {
          "label": "Integrado Sede B",
          "value": "Integrado Sede B"
        },
        {
          "label": "Isabel II",
          "value": "Isabel II"
        },
        {
          "label": "ISERRA 100",
          "value": "ISERRA 100"
        },
        {
          "label": "Isla del Sol",
          "value": "Isla del Sol"
        },
        {
          "label": "Islandia",
          "value": "Islandia"
        },
        {
          "label": "Ismael Perdomo",
          "value": "Ismael Perdomo"
        },
        {
          "label": "Jairo Aníbal Niño",
          "value": "Jairo Aníbal Niño"
        },
        {
          "label": "Jardín Infantil Carmen Sur",
          "value": "Jardín Infantil Carmen Sur"
        },
        {
          "label": "Jardín Infantil Isla del Sol",
          "value": "Jardín Infantil Isla del Sol"
        },
        {
          "label": "Jardín Infantil la Fortaleza del Oso",
          "value": "Jardín Infantil la Fortaleza del Oso"
        },
        {
          "label": "Jardín Infantil Olarte",
          "value": "Jardín Infantil Olarte"
        },
        {
          "label": "Jerusalén (El Tanque)",
          "value": "Jerusalén (El Tanque)"
        },
        {
          "label": "Jiménez de Quesada",
          "value": "Jiménez de Quesada"
        },
        {
          "label": "Jorge Eliecer Gaitán Sede B Primaria",
          "value": "Jorge Eliecer Gaitán Sede B Primaria"
        },
        {
          "label": "Jorge Gaitán Cortés",
          "value": "Jorge Gaitán Cortés"
        },
        {
          "label": "José Antonio Galán",
          "value": "José Antonio Galán"
        },
        {
          "label": "José Joaquín Casas Sede A",
          "value": "José Joaquín Casas Sede A"
        },
        {
          "label": "José Joaquín Vargas",
          "value": "José Joaquín Vargas"
        },
        {
          "label": "Juan del Rizzo",
          "value": "Juan del Rizzo"
        },
        {
          "label": "Juan José Rondón",
          "value": "Juan José Rondón"
        },
        {
          "label": "Juan Maximiliano Ambrosio",
          "value": "Juan Maximiliano Ambrosio"
        },
        {
          "label": "Juan Pablo II",
          "value": "Juan Pablo II"
        },
        {
          "label": "Juan Rey",
          "value": "Juan Rey"
        },
        {
          "label": "Juana Escobar Sede A",
          "value": "Juana Escobar Sede A"
        },
        {
          "label": "Kennedy Central",
          "value": "Kennedy Central"
        },
        {
          "label": "Kennedy Ley",
          "value": "Kennedy Ley"
        },
        {
          "label": "La Acacia",
          "value": "La Acacia"
        },
        {
          "label": "La Acuarela",
          "value": "La Acuarela"
        },
        {
          "label": "La Aguadita",
          "value": "La Aguadita"
        },
        {
          "label": "La Alborada",
          "value": "La Alborada"
        },
        {
          "label": "La Aldea",
          "value": "La Aldea"
        },
        {
          "label": "La Alhambra - Carulla",
          "value": "La Alhambra - Carulla"
        },
        {
          "label": "La Amistad",
          "value": "La Amistad"
        },
        {
          "label": "La Asunción",
          "value": "La Asunción"
        },
        {
          "label": "La Aurora",
          "value": "La Aurora"
        },
        {
          "label": "La Belleza",
          "value": "La Belleza"
        },
        {
          "label": "La Cabaña",
          "value": "La Cabaña"
        },
        {
          "label": "La Carolina",
          "value": "La Carolina"
        },
        {
          "label": "La Castaña",
          "value": "La Castaña"
        },
        {
          "label": "La Castellana",
          "value": "La Castellana"
        },
        {
          "label": "La Chucua",
          "value": "La Chucua"
        },
        {
          "label": "La Chucua Suba",
          "value": "La Chucua Suba"
        },
        {
          "label": "La Clarita",
          "value": "La Clarita"
        },
        {
          "label": "La Concepción",
          "value": "La Concepción"
        },
        {
          "label": "La Concordia",
          "value": "La Concordia"
        },
        {
          "label": "La Conejera",
          "value": "La Conejera"
        },
        {
          "label": "La Coruña - Liceo Contadora",
          "value": "La Coruña - Liceo Contadora"
        },
        {
          "label": "La Esmeralda",
          "value": "La Esmeralda"
        },
        {
          "label": "La Española",
          "value": "La Española"
        },
        {
          "label": "La Esperanza",
          "value": "La Esperanza"
        },
        {
          "label": "La Estación",
          "value": "La Estación"
        },
        {
          "label": "La Estancia",
          "value": "La Estancia"
        },
        {
          "label": "La Estanzuela",
          "value": "La Estanzuela"
        },
        {
          "label": "La Estrada",
          "value": "La Estrada"
        },
        {
          "label": "La Estradita",
          "value": "La Estradita"
        },
        {
          "label": "La Estrellita",
          "value": "La Estrellita"
        },
        {
          "label": "La Estrellita Suba",
          "value": "La Estrellita Suba"
        },
        {
          "label": "La Europa",
          "value": "La Europa"
        },
        {
          "label": "La Felicidad",
          "value": "La Felicidad"
        },
        {
          "label": "La Fiscala",
          "value": "La Fiscala"
        },
        {
          "label": "La Flora",
          "value": "La Flora"
        },
        {
          "label": "La Floresta Sur",
          "value": "La Floresta Sur"
        },
        {
          "label": "La Florida",
          "value": "La Florida"
        },
        {
          "label": "La Fortaleza",
          "value": "La Fortaleza"
        },
        {
          "label": "La Fragua",
          "value": "La Fragua"
        },
        {
          "label": "La Fraguita",
          "value": "La Fraguita"
        },
        {
          "label": "La Francia",
          "value": "La Francia"
        },
        {
          "label": "La Gaitana",
          "value": "La Gaitana"
        },
        {
          "label": "La Giralda",
          "value": "La Giralda"
        },
        {
          "label": "La Gloria",
          "value": "La Gloria"
        },
        {
          "label": "La Gloria – Escuela Altamira",
          "value": "La Gloria – Escuela Altamira"
        },
        {
          "label": "La Granja",
          "value": "La Granja"
        },
        {
          "label": "La Independencia",
          "value": "La Independencia"
        },
        {
          "label": "La Laguna",
          "value": "La Laguna"
        },
        {
          "label": "La Laguna Suba",
          "value": "La Laguna Suba"
        },
        {
          "label": "La Libertad",
          "value": "La Libertad"
        },
        {
          "label": "La Macarena",
          "value": "La Macarena"
        },
        {
          "label": "La Magdalena",
          "value": "La Magdalena"
        },
        {
          "label": "La Marqueza",
          "value": "La Marqueza"
        },
        {
          "label": "La Muequeta",
          "value": "La Muequeta"
        },
        {
          "label": "La Palestina",
          "value": "La Palestina"
        },
        {
          "label": "La Paz",
          "value": "La Paz"
        },
        {
          "label": "La Perseverancia",
          "value": "La Perseverancia"
        },
        {
          "label": "La Ponderosa",
          "value": "La Ponderosa"
        },
        {
          "label": "La Pradera",
          "value": "La Pradera"
        },
        {
          "label": "La Primavera",
          "value": "La Primavera"
        },
        {
          "label": "La Rebeca",
          "value": "La Rebeca"
        },
        {
          "label": "La Salina",
          "value": "La Salina"
        },
        {
          "label": "La Salle Candelaria",
          "value": "La Salle Candelaria"
        },
        {
          "label": "La Serena",
          "value": "La Serena"
        },
        {
          "label": "La Toscana - Colegio Fe y Alegría",
          "value": "La Toscana - Colegio Fe y Alegría"
        },
        {
          "label": "La Trinidad",
          "value": "La Trinidad"
        },
        {
          "label": "La Uba",
          "value": "La Uba"
        },
        {
          "label": "La Unión",
          "value": "La Unión"
        },
        {
          "label": "La Valvanera",
          "value": "La Valvanera"
        },
        {
          "label": "La Victoria A",
          "value": "La Victoria A"
        },
        {
          "label": "La YE Santa Rosa",
          "value": "La YE Santa Rosa"
        },
        {
          "label": "Las Aguas",
          "value": "Las Aguas"
        },
        {
          "label": "Las Américas",
          "value": "Las Américas"
        },
        {
          "label": "Las Brisas",
          "value": "Las Brisas"
        },
        {
          "label": "Las Colinas",
          "value": "Las Colinas"
        },
        {
          "label": "Las Cruces",
          "value": "Las Cruces"
        },
        {
          "label": "Las Ferias",
          "value": "Las Ferias"
        },
        {
          "label": "Las Lomas",
          "value": "Las Lomas"
        },
        {
          "label": "Las Manas",
          "value": "Las Manas"
        },
        {
          "label": "Las Margaritas",
          "value": "Las Margaritas"
        },
        {
          "label": "Las Mercedes",
          "value": "Las Mercedes"
        },
        {
          "label": "Las Mercedes II",
          "value": "Las Mercedes II"
        },
        {
          "label": "Las Nieves",
          "value": "Las Nieves"
        },
        {
          "label": "Las Orquideas",
          "value": "Las Orquideas"
        },
        {
          "label": "Las Palmeras",
          "value": "Las Palmeras"
        },
        {
          "label": "Las Quintas",
          "value": "Las Quintas"
        },
        {
          "label": "Laureles",
          "value": "Laureles"
        },
        {
          "label": "Laureles II",
          "value": "Laureles II"
        },
        {
          "label": "León Valencia",
          "value": "León Valencia"
        },
        {
          "label": "Libertador II",
          "value": "Libertador II"
        },
        {
          "label": "Liceo Campestre CAFAM",
          "value": "Liceo Campestre CAFAM"
        },
        {
          "label": "Liceo Ciudad Capital",
          "value": "Liceo Ciudad Capital"
        },
        {
          "label": "Liceo de Londres",
          "value": "Liceo de Londres"
        },
        {
          "label": "Liceo Femenino Mercedes Nariño",
          "value": "Liceo Femenino Mercedes Nariño"
        },
        {
          "label": "Liceo López Osorio",
          "value": "Liceo López Osorio"
        },
        {
          "label": "Liceo Parroquial Sara Zapata",
          "value": "Liceo Parroquial Sara Zapata"
        },
        {
          "label": "Liceo Psicopedagógico Marco Fidel Suárez",
          "value": "Liceo Psicopedagógico Marco Fidel Suárez"
        },
        {
          "label": "Liceo Reynel",
          "value": "Liceo Reynel"
        },
        {
          "label": "Liceo San Pablo",
          "value": "Liceo San Pablo"
        },
        {
          "label": "Liceo Santa Bernardita",
          "value": "Liceo Santa Bernardita"
        },
        {
          "label": "Lijacá",
          "value": "Lijacá"
        },
        {
          "label": "Lisboa - Colegio Distrital Lisboa",
          "value": "Lisboa - Colegio Distrital Lisboa"
        },
        {
          "label": "Llano Oriental",
          "value": "Llano Oriental"
        },
        {
          "label": "Lorencita Villegas de Santos",
          "value": "Lorencita Villegas de Santos"
        },
        {
          "label": "Los Álamos",
          "value": "Los Álamos"
        },
        {
          "label": "Los Álamos Norte",
          "value": "Los Álamos Norte"
        },
        {
          "label": "Los Alcázares",
          "value": "Los Alcázares"
        },
        {
          "label": "Los Ángeles",
          "value": "Los Ángeles"
        },
        {
          "label": "Los Cedritos",
          "value": "Los Cedritos"
        },
        {
          "label": "Los Cedritos 151",
          "value": "Los Cedritos 151"
        },
        {
          "label": "Los Cerezos",
          "value": "Los Cerezos"
        },
        {
          "label": "Los Comuneros",
          "value": "Los Comuneros"
        },
        {
          "label": "Los Héroes",
          "value": "Los Héroes"
        },
        {
          "label": "Los Laches",
          "value": "Los Laches"
        },
        {
          "label": "Los Libertadores",
          "value": "Los Libertadores"
        },
        {
          "label": "Los Molinos II Sector",
          "value": "Los Molinos II Sector"
        },
        {
          "label": "Los Periodistas",
          "value": "Los Periodistas"
        },
        {
          "label": "Los Sauces",
          "value": "Los Sauces"
        },
        {
          "label": "Lucero del Sur",
          "value": "Lucero del Sur"
        },
        {
          "label": "Lucero Medio",
          "value": "Lucero Medio"
        },
        {
          "label": "Luis Carlos Galán Sarmiento",
          "value": "Luis Carlos Galán Sarmiento"
        },
        {
          "label": "Luna Park",
          "value": "Luna Park"
        },
        {
          "label": "Madelena",
          "value": "Madelena"
        },
        {
          "label": "Mallplaza",
          "value": "Mallplaza"
        },
        {
          "label": "Mandalay - Colegio Kennedy",
          "value": "Mandalay - Colegio Kennedy"
        },
        {
          "label": "Manuel Cepeda",
          "value": "Manuel Cepeda"
        },
        {
          "label": "Manuel Elkín Patarroyo",
          "value": "Manuel Elkín Patarroyo"
        },
        {
          "label": "Manuela Beltrán",
          "value": "Manuela Beltrán"
        },
        {
          "label": "Marandú",
          "value": "Marandú"
        },
        {
          "label": "Marco Fidel Suárez",
          "value": "Marco Fidel Suárez"
        },
        {
          "label": "Margarita Bosco",
          "value": "Margarita Bosco"
        },
        {
          "label": "María Cano",
          "value": "María Cano"
        },
        {
          "label": "María Paz",
          "value": "María Paz"
        },
        {
          "label": "Marichuela",
          "value": "Marichuela"
        },
        {
          "label": "Mariscal Sucre Sede B",
          "value": "Mariscal Sucre Sede B"
        },
        {
          "label": "Marruecos Apartamentos",
          "value": "Marruecos Apartamentos"
        },
        {
          "label": "Marsella",
          "value": "Marsella"
        },
        {
          "label": "Máximino Poitiers",
          "value": "Máximino Poitiers"
        },
        {
          "label": "Medicina Legal",
          "value": "Medicina Legal"
        },
        {
          "label": "Meissen",
          "value": "Meissen"
        },
        {
          "label": "Metro",
          "value": "Metro"
        },
        {
          "label": "Metrópolis",
          "value": "Metrópolis"
        },
        {
          "label": "México",
          "value": "México"
        },
        {
          "label": "Miguel Ángel Asturias",
          "value": "Miguel Ángel Asturias"
        },
        {
          "label": "Milenio Plaza",
          "value": "Milenio Plaza"
        },
        {
          "label": "Milenta",
          "value": "Milenta"
        },
        {
          "label": "Millán",
          "value": "Millán"
        },
        {
          "label": "Minuto de Dios",
          "value": "Minuto de Dios"
        },
        {
          "label": "Mirador de Marruecos",
          "value": "Mirador de Marruecos"
        },
        {
          "label": "Mirandela - Nueva Zelandia",
          "value": "Mirandela - Nueva Zelandia"
        },
        {
          "label": "Mochuelo Alto",
          "value": "Mochuelo Alto"
        },
        {
          "label": "Mochuelo Bajo",
          "value": "Mochuelo Bajo"
        },
        {
          "label": "Modelia Real",
          "value": "Modelia Real"
        },
        {
          "label": "Modelia Sur",
          "value": "Modelia Sur"
        },
        {
          "label": "Molinos del Sur",
          "value": "Molinos del Sur"
        },
        {
          "label": "Montebello",
          "value": "Montebello"
        },
        {
          "label": "Montebello Sede B",
          "value": "Montebello Sede B"
        },
        {
          "label": "Monteblanco",
          "value": "Monteblanco"
        },
        {
          "label": "Montreal",
          "value": "Montreal"
        },
        {
          "label": "Moralba",
          "value": "Moralba"
        },
        {
          "label": "Mortiño",
          "value": "Mortiño"
        },
        {
          "label": "Multiplaza",
          "value": "Multiplaza"
        },
        {
          "label": "Murillo Toro",
          "value": "Murillo Toro"
        },
        {
          "label": "Museo del Chico",
          "value": "Museo del Chico"
        },
        {
          "label": "Naciones Unidas Sede B",
          "value": "Naciones Unidas Sede B"
        },
        {
          "label": "Naranjos",
          "value": "Naranjos"
        },
        {
          "label": "Navarra Modelia",
          "value": "Navarra Modelia"
        },
        {
          "label": "Nazareth",
          "value": "Nazareth"
        },
        {
          "label": "Nicolás de Federmán",
          "value": "Nicolás de Federmán"
        },
        {
          "label": "Nicolás Esguerra",
          "value": "Nicolás Esguerra"
        },
        {
          "label": "Niza Centro Comercial Niza",
          "value": "Niza Centro Comercial Niza"
        },
        {
          "label": "Niza IX",
          "value": "Niza IX"
        },
        {
          "label": "Normandía",
          "value": "Normandía"
        },
        {
          "label": "Nuestra Señora de La Victoria",
          "value": "Nuestra Señora de La Victoria"
        },
        {
          "label": "Nueva Argentina",
          "value": "Nueva Argentina"
        },
        {
          "label": "Nueva Delhi",
          "value": "Nueva Delhi"
        },
        {
          "label": "Nueva Estación",
          "value": "Nueva Estación"
        },
        {
          "label": "Nueva Granada",
          "value": "Nueva Granada"
        },
        {
          "label": "Nueva Zelanda",
          "value": "Nueva Zelanda"
        },
        {
          "label": "Nuevo Carlos Albán",
          "value": "Nuevo Carlos Albán"
        },
        {
          "label": "Nuevo Chile",
          "value": "Nuevo Chile"
        },
        {
          "label": "Nuevo Muzú A",
          "value": "Nuevo Muzú A"
        },
        {
          "label": "Nuevo Muzu B",
          "value": "Nuevo Muzu B"
        },
        {
          "label": "Nusadal",
          "value": "Nusadal"
        },
        {
          "label": "Olaya",
          "value": "Olaya"
        },
        {
          "label": "Orlando Higuita",
          "value": "Orlando Higuita"
        },
        {
          "label": "Pablo de Tarso",
          "value": "Pablo de Tarso"
        },
        {
          "label": "Pablo Neruda",
          "value": "Pablo Neruda"
        },
        {
          "label": "Pablo VI",
          "value": "Pablo VI"
        },
        {
          "label": "Pablo VI - II Etapa",
          "value": "Pablo VI - II Etapa"
        },
        {
          "label": "Palacio San Francisco",
          "value": "Palacio San Francisco"
        },
        {
          "label": "Palermo",
          "value": "Palermo"
        },
        {
          "label": "Palermo - Colegio Americano",
          "value": "Palermo - Colegio Americano"
        },
        {
          "label": "Palermo Sur",
          "value": "Palermo Sur"
        },
        {
          "label": "Palestina",
          "value": "Palestina"
        },
        {
          "label": "Palo Blanco",
          "value": "Palo Blanco"
        },
        {
          "label": "Panamericano",
          "value": "Panamericano"
        },
        {
          "label": "Paris Gaitán",
          "value": "Paris Gaitán"
        },
        {
          "label": "Parque Fundacional de Suba",
          "value": "Parque Fundacional de Suba"
        },
        {
          "label": "Parque San Andrés",
          "value": "Parque San Andrés"
        },
        {
          "label": "Parqueadero Chicó Calle 90",
          "value": "Parqueadero Chicó Calle 90"
        },
        {
          "label": "Parqueadero Guacamayas",
          "value": "Parqueadero Guacamayas"
        },
        {
          "label": "Parqueadero SENA",
          "value": "Parqueadero SENA"
        },
        {
          "label": "Parroquial San Carlos",
          "value": "Parroquial San Carlos"
        },
        {
          "label": "Parroquial San José",
          "value": "Parroquial San José"
        },
        {
          "label": "Pasadena - Los Tres Elefantes",
          "value": "Pasadena - Los Tres Elefantes"
        },
        {
          "label": "Pasquilla",
          "value": "Pasquilla"
        },
        {
          "label": "Patio Bonito",
          "value": "Patio Bonito"
        },
        {
          "label": "Patios",
          "value": "Patios"
        },
        {
          "label": "Patria",
          "value": "Patria"
        },
        {
          "label": "Penitenciaría La Picota",
          "value": "Penitenciaría La Picota"
        },
        {
          "label": "Perpetuo Socorro",
          "value": "Perpetuo Socorro"
        },
        {
          "label": "Piamonte",
          "value": "Piamonte"
        },
        {
          "label": "Pio XII",
          "value": "Pio XII"
        },
        {
          "label": "Plaza Central",
          "value": "Plaza Central"
        },
        {
          "label": "Plaza de Los Artesanos",
          "value": "Plaza de Los Artesanos"
        },
        {
          "label": "Plaza Imperial",
          "value": "Plaza Imperial"
        },
        {
          "label": "Plaza México",
          "value": "Plaza México"
        },
        {
          "label": "Plazuelas del Virrey",
          "value": "Plazuelas del Virrey"
        },
        {
          "label": "Policarpa",
          "value": "Policarpa"
        },
        {
          "label": "Policarpa Salavarrieta",
          "value": "Policarpa Salavarrieta"
        },
        {
          "label": "Polideportivo La Estancia",
          "value": "Polideportivo La Estancia"
        },
        {
          "label": "Polideportivo Polo",
          "value": "Polideportivo Polo"
        },
        {
          "label": "Polo Club",
          "value": "Polo Club"
        },
        {
          "label": "Pontevedra",
          "value": "Pontevedra"
        },
        {
          "label": "Popular Modelo",
          "value": "Popular Modelo"
        },
        {
          "label": "Porfirio Barba Jacob",
          "value": "Porfirio Barba Jacob"
        },
        {
          "label": "Portal de Brasil",
          "value": "Portal de Brasil"
        },
        {
          "label": "Portal Usme",
          "value": "Portal Usme"
        },
        {
          "label": "Potosí (La Laguna)",
          "value": "Potosí (La Laguna)"
        },
        {
          "label": "Prado Ciudad Jardín",
          "value": "Prado Ciudad Jardín"
        },
        {
          "label": "Prado Pinzón",
          "value": "Prado Pinzón"
        },
        {
          "label": "Prado Sur",
          "value": "Prado Sur"
        },
        {
          "label": "Prado Veraniego",
          "value": "Prado Veraniego"
        },
        {
          "label": "Primavera",
          "value": "Primavera"
        },
        {
          "label": "Primavera y Gorgonzola",
          "value": "Primavera y Gorgonzola"
        },
        {
          "label": "Primero de Mayo",
          "value": "Primero de Mayo"
        },
        {
          "label": "Prospero Pinzón",
          "value": "Prospero Pinzón"
        },
        {
          "label": "Providencia",
          "value": "Providencia"
        },
        {
          "label": "Puente Aranda",
          "value": "Puente Aranda"
        },
        {
          "label": "Puente Grande",
          "value": "Puente Grande"
        },
        {
          "label": "Puente Largo - Emmanuel D'alzon",
          "value": "Puente Largo - Emmanuel D'alzon"
        },
        {
          "label": "Puerta de Teja",
          "value": "Puerta de Teja"
        },
        {
          "label": "Puesto Censo (Feria Exposición)",
          "value": "Puesto Censo (Feria Exposición)"
        },
        {
          "label": "Pureza de María",
          "value": "Pureza de María"
        },
        {
          "label": "Quinta Paredes A",
          "value": "Quinta Paredes A"
        },
        {
          "label": "Quinta Paredes B",
          "value": "Quinta Paredes B"
        },
        {
          "label": "Quirigua",
          "value": "Quirigua"
        },
        {
          "label": "Quirigua (Plaza de mercado)",
          "value": "Quirigua (Plaza de mercado)"
        },
        {
          "label": "Quiroga",
          "value": "Quiroga"
        },
        {
          "label": "Rafael Delgado Sede C",
          "value": "Rafael Delgado Sede C"
        },
        {
          "label": "Rafael Nuñez",
          "value": "Rafael Nuñez"
        },
        {
          "label": "Rafael Uribe La Paz",
          "value": "Rafael Uribe La Paz"
        },
        {
          "label": "Ramajal",
          "value": "Ramajal"
        },
        {
          "label": "Ramajal - Amapolas",
          "value": "Ramajal - Amapolas"
        },
        {
          "label": "Ramón de Subiría - Sede A",
          "value": "Ramón de Subiría - Sede A"
        },
        {
          "label": "Reclusión de Mujeres El Buen Pastor",
          "value": "Reclusión de Mujeres El Buen Pastor"
        },
        {
          "label": "Recodo",
          "value": "Recodo"
        },
        {
          "label": "Recreo – Michelsen",
          "value": "Recreo – Michelsen"
        },
        {
          "label": "Reino de Holanda",
          "value": "Reino de Holanda"
        },
        {
          "label": "República de Panamá Sede C",
          "value": "República de Panamá Sede C"
        },
        {
          "label": "República del Canadá",
          "value": "República del Canadá"
        },
        {
          "label": "Residencias B.C.H.",
          "value": "Residencias B.C.H."
        },
        {
          "label": "Restrepo A",
          "value": "Restrepo A"
        },
        {
          "label": "Restrepo B",
          "value": "Restrepo B"
        },
        {
          "label": "Resurrección",
          "value": "Resurrección"
        },
        {
          "label": "Ricaurte",
          "value": "Ricaurte"
        },
        {
          "label": "Ríonegro",
          "value": "Ríonegro"
        },
        {
          "label": "Roma",
          "value": "Roma"
        },
        {
          "label": "Roma Colsubsidio",
          "value": "Roma Colsubsidio"
        },
        {
          "label": "Rosa María de Gordillo",
          "value": "Rosa María de Gordillo"
        },
        {
          "label": "Sabana de Tibabuyes",
          "value": "Sabana de Tibabuyes"
        },
        {
          "label": "Sagrado Corazón",
          "value": "Sagrado Corazón"
        },
        {
          "label": "Salazar Gómez",
          "value": "Salazar Gómez"
        },
        {
          "label": "Salitre Plaza",
          "value": "Salitre Plaza"
        },
        {
          "label": "Salón Comunal Álamos",
          "value": "Salón Comunal Álamos"
        },
        {
          "label": "Salón Comunal Aures II",
          "value": "Salón Comunal Aures II"
        },
        {
          "label": "Salón Comunal Barrio Colón",
          "value": "Salón Comunal Barrio Colón"
        },
        {
          "label": "Salón Comunal Boita II Sector",
          "value": "Salón Comunal Boita II Sector"
        },
        {
          "label": "Salón Comunal Carvajal Osorio",
          "value": "Salón Comunal Carvajal Osorio"
        },
        {
          "label": "Salón Comunal Cebadal",
          "value": "Salón Comunal Cebadal"
        },
        {
          "label": "Salón Comunal Claret",
          "value": "Salón Comunal Claret"
        },
        {
          "label": "Salón Comunal Ingles",
          "value": "Salón Comunal Ingles"
        },
        {
          "label": "Salón Comunal La Colonia Oriental",
          "value": "Salón Comunal La Colonia Oriental"
        },
        {
          "label": "Salón Comunal La Marqueza",
          "value": "Salón Comunal La Marqueza"
        },
        {
          "label": "Salón Comunal La Paz Naranjos",
          "value": "Salón Comunal La Paz Naranjos"
        },
        {
          "label": "Salón Comunal La Roca",
          "value": "Salón Comunal La Roca"
        },
        {
          "label": "Salón Comunal La Trinidad",
          "value": "Salón Comunal La Trinidad"
        },
        {
          "label": "Salón Comunal Marsella",
          "value": "Salón Comunal Marsella"
        },
        {
          "label": "Salón Comunal Monterrey",
          "value": "Salón Comunal Monterrey"
        },
        {
          "label": "Salón Comunal Paraíso el Tropihueco",
          "value": "Salón Comunal Paraíso el Tropihueco"
        },
        {
          "label": "Salón Comunal Protecho Villa Amalia",
          "value": "Salón Comunal Protecho Villa Amalia"
        },
        {
          "label": "Salón Comunal Roma IV",
          "value": "Salón Comunal Roma IV"
        },
        {
          "label": "Salón Comunal San Antonio",
          "value": "Salón Comunal San Antonio"
        },
        {
          "label": "Salón Comunal San Francisco I Sector",
          "value": "Salón Comunal San Francisco I Sector"
        },
        {
          "label": "Salón Comunal Santa Catalina",
          "value": "Salón Comunal Santa Catalina"
        },
        {
          "label": "Salón Comunal Santa Isabel",
          "value": "Salón Comunal Santa Isabel"
        },
        {
          "label": "Salón Comunal Sevilla Sur",
          "value": "Salón Comunal Sevilla Sur"
        },
        {
          "label": "Salón Comunal Sierra Morena I",
          "value": "Salón Comunal Sierra Morena I"
        },
        {
          "label": "Salón Comunal Veraguas",
          "value": "Salón Comunal Veraguas"
        },
        {
          "label": "Salón Comunal Villa Cindy",
          "value": "Salón Comunal Villa Cindy"
        },
        {
          "label": "Salón Comunal Villa Claudia",
          "value": "Salón Comunal Villa Claudia"
        },
        {
          "label": "Salón Comunal Villa Maria",
          "value": "Salón Comunal Villa Maria"
        },
        {
          "label": "Salón Comunal Villa Mayor",
          "value": "Salón Comunal Villa Mayor"
        },
        {
          "label": "Salud Coop Norte",
          "value": "Salud Coop Norte"
        },
        {
          "label": "Samper Mendoza",
          "value": "Samper Mendoza"
        },
        {
          "label": "San Agustín Sur",
          "value": "San Agustín Sur"
        },
        {
          "label": "San Andresito",
          "value": "San Andresito"
        },
        {
          "label": "San Antonio",
          "value": "San Antonio"
        },
        {
          "label": "San Antonio Unión Colombia",
          "value": "San Antonio Unión Colombia"
        },
        {
          "label": "San Benito",
          "value": "San Benito"
        },
        {
          "label": "San Benito Abad",
          "value": "San Benito Abad"
        },
        {
          "label": "San Bernardino",
          "value": "San Bernardino"
        },
        {
          "label": "San Bernardo",
          "value": "San Bernardo"
        },
        {
          "label": "San Blas",
          "value": "San Blas"
        },
        {
          "label": "San Carlos",
          "value": "San Carlos"
        },
        {
          "label": "San Cipriano",
          "value": "San Cipriano"
        },
        {
          "label": "San Cristóbal Sur",
          "value": "San Cristóbal Sur"
        },
        {
          "label": "San Eusebio",
          "value": "San Eusebio"
        },
        {
          "label": "San Fasón",
          "value": "San Fasón"
        },
        {
          "label": "San Felipe",
          "value": "San Felipe"
        },
        {
          "label": "San Fernando",
          "value": "San Fernando"
        },
        {
          "label": "San Francisco",
          "value": "San Francisco"
        },
        {
          "label": "San Francisco de Asís",
          "value": "San Francisco de Asís"
        },
        {
          "label": "San Francisco en el Tintal",
          "value": "San Francisco en el Tintal"
        },
        {
          "label": "San Francisco Sede A",
          "value": "San Francisco Sede A"
        },
        {
          "label": "San Francisco Sede B",
          "value": "San Francisco Sede B"
        },
        {
          "label": "San Gerónimo",
          "value": "San Gerónimo"
        },
        {
          "label": "San Ignacio",
          "value": "San Ignacio"
        },
        {
          "label": "San Isidro",
          "value": "San Isidro"
        },
        {
          "label": "San Joaquín",
          "value": "San Joaquín"
        },
        {
          "label": "San Joaquín del Vaticano",
          "value": "San Joaquín del Vaticano"
        },
        {
          "label": "San Jorge",
          "value": "San Jorge"
        },
        {
          "label": "San José",
          "value": "San José"
        },
        {
          "label": "San José",
          "value": "San José"
        },
        {
          "label": "San José Bavaria- Abraham Lincoln",
          "value": "San José Bavaria- Abraham Lincoln"
        },
        {
          "label": "San Juán de Sumapaz",
          "value": "San Juán de Sumapaz"
        },
        {
          "label": "San Juanito",
          "value": "San Juanito"
        },
        {
          "label": "San Luis",
          "value": "San Luis"
        },
        {
          "label": "San Luis Suba",
          "value": "San Luis Suba"
        },
        {
          "label": "San Marcos",
          "value": "San Marcos"
        },
        {
          "label": "San Martín de Loba Sur",
          "value": "San Martín de Loba Sur"
        },
        {
          "label": "San Miguel",
          "value": "San Miguel"
        },
        {
          "label": "San Nicolás - Agustiniano Norte",
          "value": "San Nicolás - Agustiniano Norte"
        },
        {
          "label": "San Pablo La Perla",
          "value": "San Pablo La Perla"
        },
        {
          "label": "San Pedro de Tibabuyes",
          "value": "San Pedro de Tibabuyes"
        },
        {
          "label": "San Pedro Sur Oriental",
          "value": "San Pedro Sur Oriental"
        },
        {
          "label": "San Rafael",
          "value": "San Rafael"
        },
        {
          "label": "San Vicente Colsubsidio",
          "value": "San Vicente Colsubsidio"
        },
        {
          "label": "San Vicente Ferrer",
          "value": "San Vicente Ferrer"
        },
        {
          "label": "Santa Ana Sur",
          "value": "Santa Ana Sur"
        },
        {
          "label": "Santa Cecilia",
          "value": "Santa Cecilia"
        },
        {
          "label": "Santa Cecilia - Modelia",
          "value": "Santa Cecilia - Modelia"
        },
        {
          "label": "Santa Cecilia de Tunjuelito",
          "value": "Santa Cecilia de Tunjuelito"
        },
        {
          "label": "Santa Fé",
          "value": "Santa Fé"
        },
        {
          "label": "Santa Fé de Bosa",
          "value": "Santa Fé de Bosa"
        },
        {
          "label": "Santa Helenita",
          "value": "Santa Helenita"
        },
        {
          "label": "Santa Librada",
          "value": "Santa Librada"
        },
        {
          "label": "Santa Lucía",
          "value": "Santa Lucía"
        },
        {
          "label": "Santa Maria de Kennedy",
          "value": "Santa Maria de Kennedy"
        },
        {
          "label": "Santa María del Lago",
          "value": "Santa María del Lago"
        },
        {
          "label": "Santa Marta",
          "value": "Santa Marta"
        },
        {
          "label": "Santa Marta de Pastrana",
          "value": "Santa Marta de Pastrana"
        },
        {
          "label": "Santa Matilde",
          "value": "Santa Matilde"
        },
        {
          "label": "Santa Paula",
          "value": "Santa Paula"
        },
        {
          "label": "Santa Rita",
          "value": "Santa Rita"
        },
        {
          "label": "Santa Rosa",
          "value": "Santa Rosa"
        },
        {
          "label": "Santa Rosita",
          "value": "Santa Rosita"
        },
        {
          "label": "Santa Sofía",
          "value": "Santa Sofía"
        },
        {
          "label": "Santa Teresa Centro",
          "value": "Santa Teresa Centro"
        },
        {
          "label": "Santa Teresita",
          "value": "Santa Teresita"
        },
        {
          "label": "Santander",
          "value": "Santander"
        },
        {
          "label": "Santander Sur",
          "value": "Santander Sur"
        },
        {
          "label": "Santo Domingo",
          "value": "Santo Domingo"
        },
        {
          "label": "Santo Tomás de Aquino",
          "value": "Santo Tomás de Aquino"
        },
        {
          "label": "SENA",
          "value": "SENA"
        },
        {
          "label": "SENA",
          "value": "SENA"
        },
        {
          "label": "Servitá",
          "value": "Servitá"
        },
        {
          "label": "Sidauto",
          "value": "Sidauto"
        },
        {
          "label": "Sierra Morena",
          "value": "Sierra Morena"
        },
        {
          "label": "Siervas San José - La Calleja",
          "value": "Siervas San José - La Calleja"
        },
        {
          "label": "Siete de Agosto",
          "value": "Siete de Agosto"
        },
        {
          "label": "Simón Bolivar",
          "value": "Simón Bolivar"
        },
        {
          "label": "Soledad Acosta de Samper",
          "value": "Soledad Acosta de Samper"
        },
        {
          "label": "Soledad Norte",
          "value": "Soledad Norte"
        },
        {
          "label": "Sosiego",
          "value": "Sosiego"
        },
        {
          "label": "Sotavento",
          "value": "Sotavento"
        },
        {
          "label": "Suba San Francisco",
          "value": "Suba San Francisco"
        },
        {
          "label": "Suba Santa Cecilia",
          "value": "Suba Santa Cecilia"
        },
        {
          "label": "Suba Santa Rita",
          "value": "Suba Santa Rita"
        },
        {
          "label": "Suba Tibabuyes",
          "value": "Suba Tibabuyes"
        },
        {
          "label": "Supercade CAD",
          "value": "Supercade CAD"
        },
        {
          "label": "Suramérica",
          "value": "Suramérica"
        },
        {
          "label": "Surbana",
          "value": "Surbana"
        },
        {
          "label": "Tabora",
          "value": "Tabora"
        },
        {
          "label": "Tagaste",
          "value": "Tagaste"
        },
        {
          "label": "Tanque - Sierra Morena",
          "value": "Tanque - Sierra Morena"
        },
        {
          "label": "Tejares",
          "value": "Tejares"
        },
        {
          "label": "Tejares Norte",
          "value": "Tejares Norte"
        },
        {
          "label": "Tenerife",
          "value": "Tenerife"
        },
        {
          "label": "Tequendama Paulo VI Sede A",
          "value": "Tequendama Paulo VI Sede A"
        },
        {
          "label": "Teusaquillo",
          "value": "Teusaquillo"
        },
        {
          "label": "Tibabuyes Universal",
          "value": "Tibabuyes Universal"
        },
        {
          "label": "Tierra de Castillos",
          "value": "Tierra de Castillos"
        },
        {
          "label": "Timiza",
          "value": "Timiza"
        },
        {
          "label": "Tintalito",
          "value": "Tintalito"
        },
        {
          "label": "Tisquesusa",
          "value": "Tisquesusa"
        },
        {
          "label": "Toberín Sede B",
          "value": "Toberín Sede B"
        },
        {
          "label": "Tomás Rueda Vargas Sede B",
          "value": "Tomás Rueda Vargas Sede B"
        },
        {
          "label": "Torca",
          "value": "Torca"
        },
        {
          "label": "Torquigua",
          "value": "Torquigua"
        },
        {
          "label": "Torre Mayor",
          "value": "Torre Mayor"
        },
        {
          "label": "Tres Elefantes - La Esperanza",
          "value": "Tres Elefantes - La Esperanza"
        },
        {
          "label": "Tres Estancias",
          "value": "Tres Estancias"
        },
        {
          "label": "Tunjuelito A",
          "value": "Tunjuelito A"
        },
        {
          "label": "Tunjuelito B",
          "value": "Tunjuelito B"
        },
        {
          "label": "U. Santo Tomás - Claustro",
          "value": "U. Santo Tomás - Claustro"
        },
        {
          "label": "Unicentro",
          "value": "Unicentro"
        },
        {
          "label": "Unicentro de Occidente",
          "value": "Unicentro de Occidente"
        },
        {
          "label": "Unión Europea",
          "value": "Unión Europea"
        },
        {
          "label": "Universidad Antonio Nariño",
          "value": "Universidad Antonio Nariño"
        },
        {
          "label": "Universidad Católica",
          "value": "Universidad Católica"
        },
        {
          "label": "Universidad Central",
          "value": "Universidad Central"
        },
        {
          "label": "Universidad de La Salle",
          "value": "Universidad de La Salle"
        },
        {
          "label": "Universidad Distrital",
          "value": "Universidad Distrital"
        },
        {
          "label": "Universidad EAN",
          "value": "Universidad EAN"
        },
        {
          "label": "Universidad ECCI Sede D",
          "value": "Universidad ECCI Sede D"
        },
        {
          "label": "Universidad El Bosque",
          "value": "Universidad El Bosque"
        },
        {
          "label": "Universidad INCCA de Colombia",
          "value": "Universidad INCCA de Colombia"
        },
        {
          "label": "Universidad Jorge Tadeo Lozano",
          "value": "Universidad Jorge Tadeo Lozano"
        },
        {
          "label": "Universidad Militar",
          "value": "Universidad Militar"
        },
        {
          "label": "Universidad Minuto de Dios",
          "value": "Universidad Minuto de Dios"
        },
        {
          "label": "Universidad Nacional Aud Alfonso López",
          "value": "Universidad Nacional Aud Alfonso López"
        },
        {
          "label": "Universidad Pedagógica Nacional",
          "value": "Universidad Pedagógica Nacional"
        },
        {
          "label": "Universidad Piloto",
          "value": "Universidad Piloto"
        },
        {
          "label": "Universidad Sergio Arboleda",
          "value": "Universidad Sergio Arboleda"
        },
        {
          "label": "Universidad UDCA",
          "value": "Universidad UDCA"
        },
        {
          "label": "Usaquén",
          "value": "Usaquén"
        },
        {
          "label": "Usme",
          "value": "Usme"
        },
        {
          "label": "Usme - Centro",
          "value": "Usme - Centro"
        },
        {
          "label": "Usminia",
          "value": "Usminia"
        },
        {
          "label": "Uval - Puerta al Llano",
          "value": "Uval - Puerta al Llano"
        },
        {
          "label": "Valladolid",
          "value": "Valladolid"
        },
        {
          "label": "Valles de Cafam",
          "value": "Valles de Cafam"
        },
        {
          "label": "Van Uden Calle 13",
          "value": "Van Uden Calle 13"
        },
        {
          "label": "Venecia A",
          "value": "Venecia A"
        },
        {
          "label": "Venecia B",
          "value": "Venecia B"
        },
        {
          "label": "Veracruz",
          "value": "Veracruz"
        },
        {
          "label": "Veraguas",
          "value": "Veraguas"
        },
        {
          "label": "Verbenal Santa María",
          "value": "Verbenal Santa María"
        },
        {
          "label": "Vereda Quiba",
          "value": "Vereda Quiba"
        },
        {
          "label": "Versalles",
          "value": "Versalles"
        },
        {
          "label": "Vía al llano",
          "value": "Vía al llano"
        },
        {
          "label": "Villa Adriana",
          "value": "Villa Adriana"
        },
        {
          "label": "Villa Alemania",
          "value": "Villa Alemania"
        },
        {
          "label": "Villa Amalia",
          "value": "Villa Amalia"
        },
        {
          "label": "Villa Andrea",
          "value": "Villa Andrea"
        },
        {
          "label": "Villa Constanza",
          "value": "Villa Constanza"
        },
        {
          "label": "Villa de los Alpes",
          "value": "Villa de los Alpes"
        },
        {
          "label": "Villa del Cerro",
          "value": "Villa del Cerro"
        },
        {
          "label": "Villa del Prado - Universidad Agraria",
          "value": "Villa del Prado - Universidad Agraria"
        },
        {
          "label": "Villa del Río",
          "value": "Villa del Río"
        },
        {
          "label": "Villa del Río II",
          "value": "Villa del Río II"
        },
        {
          "label": "Villa Gladys",
          "value": "Villa Gladys"
        },
        {
          "label": "Villa Gloria Sur",
          "value": "Villa Gloria Sur"
        },
        {
          "label": "Villa Hermosa",
          "value": "Villa Hermosa"
        },
        {
          "label": "Villa Javier La María",
          "value": "Villa Javier La María"
        },
        {
          "label": "Villa Luz",
          "value": "Villa Luz"
        },
        {
          "label": "Villa María Tibabuyes Universal Sede B",
          "value": "Villa María Tibabuyes Universal Sede B"
        },
        {
          "label": "Villa Mayor La Nueva",
          "value": "Villa Mayor La Nueva"
        },
        {
          "label": "Villa Rica",
          "value": "Villa Rica"
        },
        {
          "label": "Villanueva",
          "value": "Villanueva"
        },
        {
          "label": "Villas de Granada",
          "value": "Villas de Granada"
        },
        {
          "label": "Villas del Progreso",
          "value": "Villas del Progreso"
        },
        {
          "label": "Villemar",
          "value": "Villemar"
        },
        {
          "label": "Vistahermosa",
          "value": "Vistahermosa"
        },
        {
          "label": "Zarzamora",
          "value": "Zarzamora"
        },
        {
          "label": "Zona Franca",
          "value": "Zona Franca"
        }
      ],
      "required": true,
      "placeholder": "Seleccione un puesto de votación"
    },
    {
      "id": "comments",
      "type": "text",
      "label": "Comentarios",
      "order": 16,
      "column": 1,
      "required": false,
      "placeholder": "Ingrese su comentario"
    }
  ]
}